code,bank,issue_margin_bp,first_call,next_payment,price
CBAPI,CBA,300,20/04/2027,15/09/2026,102.35
CBAPK,CBA,275,15/06/2029,15/09/2026,104.35
CBAPL,CBA,285,15/06/2028,15/09/2026,103.72
CBAPM,CBA,300,17/06/2030,15/09/2026,106.02
WBCPJ,Westpac,340,22/03/2027,22/09/2026,102.45
WBCPK,Westpac,290,21/09/2029,21/09/2026,104.76
WBCPL,Westpac,340,22/09/2028,22/09/2026,105.20
WBCPM,Westpac,310,22/09/2031,22/09/2026,107.08
NABPH,NAB,350,17/12/2027,17/09/2026,103.98
NABPI,NAB,315,17/12/2029,17/09/2026,105.99
NABPJ,NAB,280,17/09/2030,17/09/2026,105.35
NABPK,NAB,260,17/03/2032,17/09/2026,105.55
AN3PI,ANZ,300,20/03/2028,21/09/2026,103.37
AN3PJ,ANZ,270,20/03/2029,21/09/2026,103.72
AN3PK,ANZ,275,20/03/2030,21/09/2026,104.57
AN3PL,ANZ,290,20/03/2031,21/09/2026,106.02
