code,bank,price,years_to_call,trading_margin_bp,margin_no_franking_bp,fair_value_bp,residual_bp,signal
CBAPI,CBA,102.4,0.6,180.9,-45.6,169.7,11.1,CHEAP
WBCPM,Westpac,107.1,5.1,199.1,-30.4,189.5,9.7,CHEAP
WBCPJ,Westpac,102.4,0.6,173.6,-64.9,169.4,4.3,FAIR
AN3PI,ANZ,103.4,1.6,177.6,-48.9,173.8,3.8,FAIR
AN3PK,ANZ,104.6,3.6,186.4,-32.6,182.7,3.6,FAIR
AN3PL,ANZ,106.0,4.6,189.6,-33.9,187.2,2.4,FAIR
WBCPK,Westpac,104.8,3.1,181.8,-41.7,180.5,1.3,FAIR
AN3PJ,ANZ,103.7,2.6,179.5,-38.0,178.3,1.3,FAIR
NABPJ,NAB,105.4,4.0,185.2,-35.3,185.0,0.2,FAIR
NABPI,NAB,106.0,3.3,181.4,-49.6,181.6,-0.2,FAIR
CBAPM,CBA,106.0,3.8,183.4,-43.1,183.8,-0.4,FAIR
NABPH,NAB,104.0,1.3,170.5,-71.0,172.7,-2.1,FAIR
CBAPK,CBA,104.4,2.8,174.3,-44.7,179.3,-5.0,FAIR
NABPK,NAB,105.6,5.5,186.4,-28.1,191.7,-5.2,RICH
CBAPL,CBA,103.7,1.8,164.5,-57.5,174.9,-10.4,RICH
WBCPL,Westpac,105.2,2.1,161.8,-76.7,176.1,-14.2,RICH
